site_id,site_name,site_category,site_type,service,address,suburb,postcode,lhn_code,status,details,source
HOSP-001,Angaston District Hospital,Hospital,Public Hospital,SA Health,29 North Street,Angaston,5353,BHFLHN,,Emergency Service,Public Hospitals
HOSP-002,Balaklava Soldiers' Memorial District Hospital,Hospital,Public Hospital,SA Health,16 War Memorial Drive,Balaklava,5461,YNLHN,,Emergency Service,Public Hospitals
HOSP-003,Barmera Health Service,Hospital,Public Hospital,SA Health,Hawdon Street,Barmera,5345,RMCLHN,,Emergency Service,Public Hospitals
HOSP-004,Booleroo Centre District Hospital and Health Services,Hospital,Public Hospital,SA Health,5-9 Stephens Street,Booleroo Centre,5482,YNLHN,,Emergency Service,Public Hospitals
HOSP-005,Bordertown Memorial Hospital,Hospital,Public Hospital,SA Health,23 South Terrace,Bordertown,5268,LCLHN,,Emergency Service,Public Hospitals
HOSP-006,Burra Hospital,Hospital,Public Hospital,SA Health,46 Commercial Street,Burra,5417,YNLHN,,Emergency Service,Public Hospitals
HOSP-007,Ceduna District Health Service,Hospital,Public Hospital,SA Health,3 Eyre Highway,Ceduna,5690,EFNLHN,,Emergency Service,Public Hospitals
HOSP-008,Central Yorke Peninsula Hospital (Maitland),Hospital,Public Hospital,SA Health,68 Robert Street,Maitland,5573,YNLHN,,Emergency Service,Public Hospitals
HOSP-009,Clare Hospital,Hospital,Public Hospital,SA Health,47 Farrel Flat Road,Clare,5453,YNLHN,,Emergency Service,Public Hospitals
HOSP-010,Cleve District Hospital and Aged Care,Hospital,Public Hospital,SA Health,North Terrace,Cleve,5640,EFNLHN,,Emergency Service,Public Hospitals
HOSP-011,Coober Pedy Hospital and Health Service,Hospital,Public Hospital,SA Health,Lot 89 Hospital Road,Coober Pedy,5723,EFNLHN,,Emergency Service,Public Hospitals
HOSP-012,Cowell District Hospital and Aged Care,Hospital,Public Hospital,SA Health,17 South Terrace,Cowell,5602,EFNLHN,,Emergency Service,Public Hospitals
HOSP-013,Crystal Brook and District Hospital,Hospital,Public Hospital,SA Health,Edmund Terrace,Crystal Brook,5523,YNLHN,,Emergency Service,Public Hospitals
HOSP-014,Cummins and District Memorial Hospital,Hospital,Public Hospital,SA Health,19-21 Tumby Bay Road,Cummins,5631,EFNLHN,,Emergency Service,Public Hospitals
HOSP-015,Elliston Hospital,Hospital,Public Hospital,SA Health,4-6 Memorial Drive,Elliston,5670,EFNLHN,,Emergency Service,Public Hospitals
HOSP-016,Eudunda Hospital,Hospital,Public Hospital,SA Health,40 Ward Street,Eudunda,5374,BHFLHN,,Emergency Service,Public Hospitals
HOSP-017,Flinders Medical Centre,Hospital,Public Hospital,SA Health,Flinders Drive,Bedford Park,5042,SALHN,,Emergency Department,Public Hospitals
HOSP-018,Gawler Health Service,Hospital,Public Hospital,SA Health,21 Hutchinson Road,Gawler East,5118,BHFLHN,,Emergency Department,Public Hospitals
HOSP-019,Glenside Health Services,Hospital,Public Psychiatric Hospital,SA Health,226 Fullarton Road,Glenside,5065,CALHN,,No,Public Hospitals
HOSP-020,Gumeracha District Soldiers' Memorial Hospital,Hospital,Public Hospital,SA Health,2 Albert Street,Gumeracha,5233,BHFLHN,,Emergency Service,Public Hospitals
HOSP-021,Hampstead Rehabilitation Centre,Hospital,Public Rehabilitation Hospital,SA Health,205-207 Hampstead Road,Lightsview,5085,NALHN,,No,Public Hospitals
HOSP-022,Hawker Memorial Hospital,Hospital,Public Hospital,SA Health,9 Druid Range Drive,Hawker,5434,FUNLHN,,Emergency Service,Public Hospitals
HOSP-023,James Nash House,Hospital,Public Psychiatric Hospital,SA Health,140 Hilltop Drive,Oakden,5086,NALHN,,No,Public Hospitals
HOSP-024,Jamestown Hospital and Health Service,Hospital,Public Hospital,SA Health,43 South Terrace,Jamestown,5491,YNLHN,,Emergency Service,Public Hospitals
HOSP-025,Kangaroo Island Health Service,Hospital,Public Hospital,SA Health,3 The Esplanade,Kingscote,5223,BHFLHN,,Emergency Service,Public Hospitals
HOSP-026,Kapunda Hospital,Hospital,Public Hospital,SA Health,26 Nash Street,Kapunda,5373,BHFLHN,,Emergency Service,Public Hospitals
HOSP-027,Karoonda and District Soldiers' Memorial Hospital,Hospital,Public Hospital,SA Health,13 Stokes Road,Karoonda,5307,RMCLHN,,Emergency Service,Public Hospitals
HOSP-028,Kimba District Hospital and Aged Care,Hospital,Public Hospital,SA Health,15 Martin Terrace,Kimba,5641,EFNLHN,,Emergency Service,Public Hospitals
HOSP-029,Kingston Soldiers' Memorial Hospital,Hospital,Public Hospital,SA Health,Cnr Cooke and Young Street,Kingston SE,5275,LCLHN,,Emergency Service,Public Hospitals
HOSP-030,Lameroo District Health Service,Hospital,Public Hospital,SA Health,1A Vardon Terrace,Lameroo,5302,RMCLHN,,Emergency Service,Public Hospitals
HOSP-031,Laura and District Hospital,Hospital,Public Hospital,SA Health,33 Mill Street,Laura,5480,YNLHN,,Emergency Service,Public Hospitals
HOSP-032,Loxton Hospital Complex,Hospital,Public Hospital,SA Health,41 Drabsch Street,Loxton,5333,RMCLHN,,Emergency Service,Public Hospitals
HOSP-033,Lyell McEwin Hospital,Hospital,Public Hospital,SA Health,120-130 Haydown Road,Elizabeth Vale,5112,NALHN,,Emergency Department,Public Hospitals
HOSP-034,Mannum District Hospital,Hospital,Public Hospital,SA Health,Parker Street,Mannum,5238,RMCLHN,,Emergency Service,Public Hospitals
HOSP-035,Meningie and Districts Memorial Hospital and Health Services,Hospital,Public Hospital,SA Health,2 South Terrace,Meningie,5264,RMCLHN,,Emergency Service,Public Hospitals
HOSP-036,Millicent and Districts Hospital and Health Service,Hospital,Public Hospital,SA Health,33 Mount Gambier Road,Millicent,5280,LCLHN,,Emergency Service,Public Hospitals
HOSP-037,Modbury Hospital,Hospital,Public Hospital,SA Health,41-69 Smart Road,Modbury,5092,NALHN,,Emergency Department,Public Hospitals
HOSP-038,Mount Barker District Soldiers' Memorial Hospital,Hospital,Public Hospital,SA Health,87 Wellington Road,Mount Barker,5251,BHFLHN,,Emergency Department,Public Hospitals
HOSP-039,Mount Gambier and Districts Health Service,Hospital,Public Hospital,SA Health,276-300 Wehl Street North,Mount Gambier,5290,LCLHN,,Emergency Department,Public Hospitals
HOSP-040,Mount Pleasant District Hospital,Hospital,Public Hospital,SA Health,28 Hospital Road,Mount Pleasant,5235,BHFLHN,,Emergency Service,Public Hospitals
HOSP-041,Murray Bridge Soldiers' Memorial Hospital,Hospital,Public Hospital,SA Health,96 Swanport Road,Murray Bridge,5253,RMCLHN,,Emergency Department,Public Hospitals
HOSP-042,Naracoorte Health Service,Hospital,Public Hospital,SA Health,101 Jenkins Terrace,Naracoorte,5271,LCLHN,,Emergency Service,Public Hospitals
HOSP-043,Noarlunga Hospital,Hospital,Public Hospital,SA Health,Alexander Kelly Drive,Noarlunga Centre,5168,SALHN,,Emergency Department,Public Hospitals
HOSP-044,Northern Yorke Peninsula Health Service (Wallaroo),Hospital,Public Hospital,SA Health,1 Ernest Terrace,Wallaroo,5556,YNLHN,,Emergency Service,Public Hospitals
HOSP-045,Orroroo and District Health Service,Hospital,Public Hospital,SA Health,Pekina Road,Orroroo,5431,YNLHN,,Emergency Service,Public Hospitals
HOSP-046,Penola War Memorial Hospital,Hospital,Public Hospital,SA Health,18 Church Street,Penola,5277,LCLHN,,Emergency Service,Public Hospitals
HOSP-047,Peterborough Soldiers' Memorial Hospital,Hospital,Public Hospital,SA Health,23 Hurlstone Street,Peterborough,5422,YNLHN,,Emergency Service,Public Hospitals
HOSP-048,Pinnaroo Soldiers' Memorial Hospital,Hospital,Public Hospital,SA Health,Bundey Terrace,Pinnaroo,5304,RMCLHN,,Emergency Service,Public Hospitals
HOSP-049,Port Augusta Hospital and Regional Health Services,Hospital,Public Hospital,SA Health,71 Hospital Road,Port Augusta,5700,FUNLHN,,Emergency Department,Public Hospitals
HOSP-050,Port Broughton and District Hospital and Health Service,Hospital,Public Hospital,SA Health,56-82 Bay Road,Port Broughton,5522,YNLHN,,Emergency Service,Public Hospitals
HOSP-051,Port Lincoln Health Service,Hospital,Public Hospital,SA Health,39 Oxford Terrace,Port Lincoln,5606,EFNLHN,,Emergency Department,Public Hospitals
HOSP-052,Port Pirie Regional Health Service,Hospital,Public Hospital,SA Health,Alexander Street,Port Pirie,5540,YNLHN,,Emergency Department,Public Hospitals
HOSP-053,Pregnancy Advisory Centre,Hospital,Public Hospital,SA Health,21 Belmore Terrace,Woodville,5011,CALHN,,No,Public Hospitals
HOSP-054,Quorn Health Service,Hospital,Public Hospital,SA Health,Hospital Road,Quorn,5433,FUNLHN,,Emergency Service,Public Hospitals
HOSP-055,Renmark Paringa District Hospital,Hospital,Public Hospital,SA Health,Ral Ral Avenue,Renmark,5341,RMCLHN,,Emergency Service,Public Hospitals
HOSP-056,Riverland General Hospital,Hospital,Public Hospital,SA Health,10 Maddern Street,Berri,5343,RMCLHN,,Emergency Department,Public Hospitals
HOSP-057,Riverton District Soldiers' Memorial Hospital,Hospital,Public Hospital,SA Health,23 Moorhouse Terrace,Riverton,5412,YNLHN,,Emergency Service,Public Hospitals
HOSP-058,Roxby Downs Health Service,Hospital,Public Hospital,SA Health,16-28 Burgoyne Street,Roxby Downs,5725,FUNLHN,,Emergency Service,Public Hospitals
HOSP-059,Royal Adelaide Hospital,Hospital,Public Hospital,SA Health,Port Road,Adelaide,5000,CALHN,,Emergency Department,Public Hospitals
HOSP-060,Snowtown Hospital and Health Service,Hospital,Public Hospital,SA Health,South Terrace,Snowtown,5520,YNLHN,,Emergency Service,Public Hospitals
HOSP-061,South Coast District Hospital,Hospital,Public Hospital,SA Health,Bay Road,Victor Harbor,5211,BHFLHN,,Emergency Department,Public Hospitals
HOSP-062,Southern Yorke Peninsula Health Service (Yorketown),Hospital,Public Hospital,SA Health,19 Waterloo Bay Road,Yorketown,5576,YNLHN,,Emergency Service,Public Hospitals
HOSP-063,Strathalbyn and District Health Service,Hospital,Public Hospital,SA Health,14 Alfred Place,Strathalbyn,5255,BHFLHN,,Emergency Service,Public Hospitals
HOSP-064,Streaky Bay Hospital,Hospital,Public Hospital,SA Health,1 Flinders Drive,Streaky Bay,5680,EFNLHN,,Emergency Service,Public Hospitals
HOSP-065,Tailem Bend District Hospital,Hospital,Public Hospital,SA Health,74 Princes Highway,Tailem Bend,5260,RMCLHN,,Emergency Service,Public Hospitals
HOSP-066,Tanunda War Memorial Hospital,Hospital,Public Hospital,SA Health,15 Mill Street,Tanunda,5352,BHFLHN,,Emergency Service,Public Hospitals
HOSP-067,The Queen Elizabeth Hospital,Hospital,Public Hospital,SA Health,28 Woodville Road,Woodville South,5011,CALHN,,Emergency Department,Public Hospitals
HOSP-068,The Repat Precinct,Hospital,Public Rehabilitation Hospital,SA Health,216 Daws Road,Daw Park,5041,SALHN,,No,Public Hospitals
HOSP-069,Tumby Bay Hospital and Health Services,Hospital,Public Hospital,SA Health,8-11 Esplanade,Tumby Bay,5605,EFNLHN,,Emergency Service,Public Hospitals
HOSP-070,Waikerie Health Service,Hospital,Public Hospital,SA Health,1 Lawrie Terrace,Waikerie,5330,RMCLHN,,Emergency Service,Public Hospitals
HOSP-071,Whyalla Hospital and Health Services,Hospital,Public Hospital,SA Health,20 Wood Terrace,Whyalla,5600,FUNLHN,,Emergency Department,Public Hospitals
HOSP-072,Women's & Children's Hospital,Hospital,Public Hospital,SA Health,72 King William Road,North Adelaide,5006,WCHN,,Emergency Department,Public Hospitals
HOSP-073,Wudinna Hospital,Hospital,Public Hospital,SA Health,16-24 Richards Avenue,Wudinna,5652,EFNLHN,,Emergency Service,Public Hospitals
SAAS-543,ALDINGA STATION,Ambulance,AMBULANCE STATION,SA Ambulance Service,186-196 PORT ROAD,ALDINGA,5173,SALHN,OPERATIONAL,"An emergency management facility from which a particular agency’s resources are commanded, coordinated and assigned to an incident or emergency",SAAS
SAAS-544,AMERICAN RIVER STATION,Ambulance,AMBULANCE STATION,SA Ambulance Service,LOT 13 BUICK DRIVE,AMERICAN RIVER,5221,BFHLHN,OPERATIONAL,"An emergency management facility from which a particular agency’s resources are commanded, coordinated and assigned to an incident or emergency",SAAS
SAAS-547,ARDROSSAN STATION,Ambulance,AMBULANCE STATION,SA Ambulance Service,NORTH TERRACE,ARDROSSAN,5571,YNLHN,OPERATIONAL,"An emergency management facility from which a particular agency’s resources are commanded, coordinated and assigned to an incident or emergency",SAAS
SAAS-550,ASHFORD STATION,Ambulance,AMBULANCE STATION,SA Ambulance Service,24-28 ALEXANDER AVENUE,ASHFORD,5035,CALHN,OPERATIONAL,"An emergency management facility from which a particular agency’s resources are commanded, coordinated and assigned to an incident or emergency",SAAS
SAAS-552,BALAKLAVA STATION,Ambulance,AMBULANCE STATION,SA Ambulance Service,WAR MEMORIAL DRIVE,BALAKLAVA,5461,YNLHN,OPERATIONAL,"An emergency management facility from which a particular agency’s resources are commanded, coordinated and assigned to an incident or emergency",SAAS
SAAS-554,BARMERA STATION,Ambulance,AMBULANCE STATION,SA Ambulance Service,LOT 674 LANGDON TERRACE,BARMERA,5345,RMCLHN,OPERATIONAL,"An emergency management facility from which a particular agency’s resources are commanded, coordinated and assigned to an incident or emergency",SAAS
SAAS-545,BAROSSA VALLEY STATION,Ambulance,AMBULANCE STATION,SA Ambulance Service,27 SCHILLING STREET,ANGASTON,5353,BFHLHN,OPERATIONAL,"An emergency management facility from which a particular agency’s resources are commanded, coordinated and assigned to an incident or emergency",SAAS
SAAS-564,BERRI STATION,Ambulance,AMBULANCE STATION,SA Ambulance Service,LOT 801 CORNWALL STREET,BERRI,5343,RMCLHN,OPERATIONAL,"An emergency management facility from which a particular agency’s resources are commanded, coordinated and assigned to an incident or emergency",SAAS
SAAS-566,BOOLEROO CENTRE STATION,Ambulance,AMBULANCE STATION,SA Ambulance Service,3-13 STEPHENS STREET,BOOLEROO CENTRE,5482,YNLHN,OPERATIONAL,"An emergency management facility from which a particular agency’s resources are commanded, coordinated and assigned to an incident or emergency",SAAS
SAAS-567,BORDERTOWN STATION,Ambulance,AMBULANCE STATION,SA Ambulance Service,SEC 980 TATIARA TERRACE,BORDERTOWN,5268,LCLHN,OPERATIONAL,"An emergency management facility from which a particular agency’s resources are commanded, coordinated and assigned to an incident or emergency",SAAS
SAAS-572,CAMDEN PARK STATION,Ambulance,AMBULANCE STATION,SA Ambulance Service,65-69 MORPHETT ROAD,CAMDEN PARK,5038,CALHN,OPERATIONAL,"An emergency management facility from which a particular agency’s resources are commanded, coordinated and assigned to an incident or emergency",SAAS
SAAS-689,BURRA STATION,Ambulance,AMBULANCE STATION,SA Ambulance Service,MARKET SQ,BURRA,5417,YNLHN,OPERATIONAL,"An emergency management facility from which a particular agency’s resources are commanded, coordinated and assigned to an incident or emergency",SAAS
SAAS-671,CAMPBELLTOWN STATION,Ambulance,AMBULANCE STATION,SA Ambulance Service,MONTACUTE ROAD,NEWTON,5074,CALHN,OPERATIONAL,"An emergency management facility from which a particular agency’s resources are commanded, coordinated and assigned to an incident or emergency",SAAS
SAAS-573,CEDUNA STATION,Ambulance,AMBULANCE STATION,SA Ambulance Service,32 POYNTON STREET,CEDUNA,5690,EFNLHN,OPERATIONAL,"An emergency management facility from which a particular agency’s resources are commanded, coordinated and assigned to an incident or emergency",SAAS
SAAS-574,CLARE STATION,Ambulance,AMBULANCE STATION,SA Ambulance Service,WEBB STREET,CLARE,5453,YNLHN,OPERATIONAL,"An emergency management facility from which a particular agency’s resources are commanded, coordinated and assigned to an incident or emergency",SAAS
SAAS-576,CLEVE STATION,Ambulance,AMBULANCE STATION,SA Ambulance Service,20 FOURTH STREET,CLEVE,5640,EFNLHN,OPERATIONAL,"An emergency management facility from which a particular agency’s resources are commanded, coordinated and assigned to an incident or emergency",SAAS
SAAS-577,COFFIN BAY STATION,Ambulance,AMBULANCE STATION,SA Ambulance Service,165-181 ESPLANADE,COFFIN BAY,5607,EFNLHN,OPERATIONAL,"An emergency management facility from which a particular agency’s resources are commanded, coordinated and assigned to an incident or emergency",SAAS
SAAS-520,COOBER PEDY STATION,Ambulance,AMBULANCE STATION,SA Ambulance Service,LOT 100 MCKENZIE ROAD,COOBER PEDY,5723,EFNLHN,OPERATIONAL,"An emergency management facility from which a particular agency’s resources are commanded, coordinated and assigned to an incident or emergency",SAAS
SAAS-521,COOMANDOOK STATION,Ambulance,AMBULANCE STATION,SA Ambulance Service,2151 OLD DUKES HIGHWAY,COOMANDOOK,5261,RMCLHN,OPERATIONAL,"An emergency management facility from which a particular agency’s resources are commanded, coordinated and assigned to an incident or emergency",SAAS
SAAS-522,COONALPYN STATION,Ambulance,AMBULANCE STATION,SA Ambulance Service,9-11 POYNTZ TERRACE,COONALPYN,5265,RMCLHN,OPERATIONAL,"An emergency management facility from which a particular agency’s resources are commanded, coordinated and assigned to an incident or emergency",SAAS
SAAS-523,COWELL STATION,Ambulance,AMBULANCE STATION,SA Ambulance Service,1 LINCOLN HIGHWAY,COWELL,5602,EFNLHN,OPERATIONAL,"An emergency management facility from which a particular agency’s resources are commanded, coordinated and assigned to an incident or emergency",SAAS
SAAS-524,CRYSTAL BROOK STATION,Ambulance,AMBULANCE STATION,SA Ambulance Service,35 BRANDIS STREET,CRYSTAL BROOK,5523,YNLHN,OPERATIONAL,"An emergency management facility from which a particular agency’s resources are commanded, coordinated and assigned to an incident or emergency",SAAS
SAAS-525,CUMMINS STATION,Ambulance,AMBULANCE STATION,SA Ambulance Service,19 TUMBY BAY ROAD,CUMMINS,5631,EFNLHN,OPERATIONAL,"An emergency management facility from which a particular agency’s resources are commanded, coordinated and assigned to an incident or emergency",SAAS
SAAS-609,ELLISTON STATION,Ambulance,AMBULANCE STATION,SA Ambulance Service,4-6 MEMORIAL DRIVE,ELLISTON,5670,EFNLHN,OPERATIONAL,"An emergency management facility from which a particular agency’s resources are commanded, coordinated and assigned to an incident or emergency",SAAS
SAAS-610,EUDUNDA STATION,Ambulance,AMBULANCE STATION,SA Ambulance Service,BRUCE STREET,EUDUNDA,5374,BFHLHN,OPERATIONAL,"An emergency management facility from which a particular agency’s resources are commanded, coordinated and assigned to an incident or emergency",SAAS
SAAS-611,FULHAM STATION,Ambulance,AMBULANCE STATION,SA Ambulance Service,396 GRANGE ROAD,FULHAM GARDENS,5024,CALHN,OPERATIONAL,"An emergency management facility from which a particular agency’s resources are commanded, coordinated and assigned to an incident or emergency",SAAS
SAAS-613,GAWLER STATION,Ambulance,AMBULANCE STATION,SA Ambulance Service,121 MAIN NORTH ROAD,GAWLER,5118,BFHLHN,OPERATIONAL,"An emergency management facility from which a particular agency’s resources are commanded, coordinated and assigned to an incident or emergency",SAAS
SAAS-614,GLADSTONE STATION,Ambulance,AMBULANCE STATION,SA Ambulance Service,24 HIGH STREET,GLADSTONE,5473,YNLHN,OPERATIONAL,"An emergency management facility from which a particular agency’s resources are commanded, coordinated and assigned to an incident or emergency",SAAS
SAAS-623,GOOLWA STATION,Ambulance,AMBULANCE STATION,SA Ambulance Service,13 GARDINER STREET,GOOLWA,5214,BFHLHN,OPERATIONAL,"An emergency management facility from which a particular agency’s resources are commanded, coordinated and assigned to an incident or emergency",SAAS
SAAS-624,HAMLEY BRIDGE STATION,Ambulance,AMBULANCE STATION,SA Ambulance Service,8 LIGHT,HAMLEY BRIDGE,5401,YNLHN,OPERATIONAL,"An emergency management facility from which a particular agency’s resources are commanded, coordinated and assigned to an incident or emergency",SAAS
SAAS-625,HAWKER STATION,Ambulance,AMBULANCE STATION,SA Ambulance Service,WIRREANDA TERRACE,HAWKER,5434,FUNLHN,OPERATIONAL,"An emergency management facility from which a particular agency’s resources are commanded, coordinated and assigned to an incident or emergency",SAAS
SAAS-626,JAMESTOWN STATION,Ambulance,AMBULANCE STATION,SA Ambulance Service,LOT 14 MUIRKIRK STREET,JAMESTOWN,5491,YNLHN,OPERATIONAL,"An emergency management facility from which a particular agency’s resources are commanded, coordinated and assigned to an incident or emergency",SAAS
SAAS-628,KADINA STATION,Ambulance,AMBULANCE STATION,SA Ambulance Service,6 TAYLOR STREET,KADINA,5554,YNLHN,OPERATIONAL,"An emergency management facility from which a particular agency’s resources are commanded, coordinated and assigned to an incident or emergency",SAAS
SAAS-629,KAPUNDA STATION,Ambulance,AMBULANCE STATION,SA Ambulance Service,10 HILL STREET,KAPUNDA,5373,BFHLHN,OPERATIONAL,"An emergency management facility from which a particular agency’s resources are commanded, coordinated and assigned to an incident or emergency",SAAS
SAAS-579,KAROONDA STATION,Ambulance,AMBULANCE STATION,SA Ambulance Service,LOT 55 STOKES ROAD,KAROONDA,5307,RMCLHN,OPERATIONAL,"An emergency management facility from which a particular agency’s resources are commanded, coordinated and assigned to an incident or emergency",SAAS
SAAS-580,KEITH STATION,Ambulance,AMBULANCE STATION,SA Ambulance Service,LOT 24 HILL AVENUE,KEITH,5267,LCLHN,OPERATIONAL,"An emergency management facility from which a particular agency’s resources are commanded, coordinated and assigned to an incident or emergency",SAAS
SAAS-581,KIMBA STATION,Ambulance,AMBULANCE STATION,SA Ambulance Service,8A CROSS STREET,KIMBA,5641,EFNLHN,OPERATIONAL,"An emergency management facility from which a particular agency’s resources are commanded, coordinated and assigned to an incident or emergency",SAAS
SAAS-582,KINGSCOTE STATION,Ambulance,AMBULANCE STATION,SA Ambulance Service,17 MURRAY STREET,KINGSCOTE,5223,BFHLHN,OPERATIONAL,"An emergency management facility from which a particular agency’s resources are commanded, coordinated and assigned to an incident or emergency",SAAS
SAAS-583,KINGSTON STATION,Ambulance,AMBULANCE STATION,SA Ambulance Service,2 SMITHS LANE,KINGSTON SE,5275,LCLHN,OPERATIONAL,"An emergency management facility from which a particular agency’s resources are commanded, coordinated and assigned to an incident or emergency",SAAS
SAAS-585,LAMEROO STATION,Ambulance,AMBULANCE STATION,SA Ambulance Service,LOT 1 CHANDOS TERRACE,LAMEROO,5302,RMCLHN,OPERATIONAL,"An emergency management facility from which a particular agency’s resources are commanded, coordinated and assigned to an incident or emergency",SAAS
SAAS-586,LEIGH CREEK STATION,Ambulance,AMBULANCE STATION,SA Ambulance Service,PT LT 305 BLACK OAK DRIVE,LEIGH CREEK,5731,FUNLHN,OPERATIONAL,"An emergency management facility from which a particular agency’s resources are commanded, coordinated and assigned to an incident or emergency",SAAS
SAAS-587,LOCK STATION,Ambulance,AMBULANCE STATION,SA Ambulance Service,34 DEARMAN STREET,LOCK,5633,EFNLHN,OPERATIONAL,"An emergency management facility from which a particular agency’s resources are commanded, coordinated and assigned to an incident or emergency",SAAS
SAAS-589,LOXTON STATION,Ambulance,AMBULANCE STATION,SA Ambulance Service,KOKODA TERRACE,LOXTON,5333,RMCLHN,OPERATIONAL,"An emergency management facility from which a particular agency’s resources are commanded, coordinated and assigned to an incident or emergency",SAAS
SAAS-590,LUCINDALE STATION,Ambulance,AMBULANCE STATION,SA Ambulance Service,MUSGRAVE AVENUE,LUCINDALE,5272,LCLHN,OPERATIONAL,"An emergency management facility from which a particular agency’s resources are commanded, coordinated and assigned to an incident or emergency",SAAS
SAAS-591,MAITLAND STATION,Ambulance,AMBULANCE STATION,SA Ambulance Service,68 ROBERT STREET,MAITLAND,5573,YNLHN,OPERATIONAL,"An emergency management facility from which a particular agency’s resources are commanded, coordinated and assigned to an incident or emergency",SAAS
SAAS-592,MALLALA STATION,Ambulance,AMBULANCE STATION,SA Ambulance Service,LOT 747 ADELAIDE ROAD,MALLALA,5502,BFHLHN,OPERATIONAL,"An emergency management facility from which a particular agency’s resources are commanded, coordinated and assigned to an incident or emergency",SAAS
SAAS-594,MANNUM STATION,Ambulance,AMBULANCE STATION,SA Ambulance Service,ADELAIDE ROAD,MANNUM,5238,RMCLHN,OPERATIONAL,"An emergency management facility from which a particular agency’s resources are commanded, coordinated and assigned to an incident or emergency",SAAS
SAAS-595,MARION BAY STATION,Ambulance,AMBULANCE STATION,SA Ambulance Service,10-20 SLOW STREET,MARION BAY,5575,YNLHN,OPERATIONAL,"An emergency management facility from which a particular agency’s resources are commanded, coordinated and assigned to an incident or emergency",SAAS
SAAS-603,MARION STATION,Ambulance,AMBULANCE STATION,SA Ambulance Service,346A STURT ROAD,MITCHELL PARK,5043,SALHN,OPERATIONAL,"An emergency management facility from which a particular agency’s resources are commanded, coordinated and assigned to an incident or emergency",SAAS
SAAS-596,MARLA STATION,Ambulance,AMBULANCE STATION,SA Ambulance Service,LOT 9 PLOVER STREET,MARLA,5724,EFNLHN,OPERATIONAL,"An emergency management facility from which a particular agency’s resources are commanded, coordinated and assigned to an incident or emergency",SAAS
SAAS-597,MCLAREN VALE STATION,Ambulance,AMBULANCE STATION,SA Ambulance Service,ALDERSEY STREET,MCLAREN VALE,5171,SALHN,OPERATIONAL,"An emergency management facility from which a particular agency’s resources are commanded, coordinated and assigned to an incident or emergency",SAAS
SAAS-598,MEADOWS STATION,Ambulance,AMBULANCE STATION,SA Ambulance Service,70-72 MAWSON ROAD,MEADOWS,5201,BFHLHN,OPERATIONAL,"An emergency management facility from which a particular agency’s resources are commanded, coordinated and assigned to an incident or emergency",SAAS
SAAS-599,MENINGIE STATION,Ambulance,AMBULANCE STATION,SA Ambulance Service,102 PRINCES HIGHWAY,MENINGIE,5264,RMCLHN,OPERATIONAL,"An emergency management facility from which a particular agency’s resources are commanded, coordinated and assigned to an incident or emergency",SAAS
SAAS-600,MILLICENT STATION,Ambulance,AMBULANCE STATION,SA Ambulance Service,MOUNT GAMBIER ROAD,MILLICENT,5280,LCLHN,OPERATIONAL,"An emergency management facility from which a particular agency’s resources are commanded, coordinated and assigned to an incident or emergency",SAAS
SAAS-602,MINLATON STATION,Ambulance,AMBULANCE STATION,SA Ambulance Service,LOT 198 MAIN STREET,MINLATON,5575,YNLHN,OPERATIONAL,"An emergency management facility from which a particular agency’s resources are commanded, coordinated and assigned to an incident or emergency",SAAS
SAAS-632,MITCHAM STATION,Ambulance,AMBULANCE STATION,SA Ambulance Service,221 BELAIR ROAD,TORRENS PARK,5062,SALHN,OPERATIONAL,"An emergency management facility from which a particular agency’s resources are commanded, coordinated and assigned to an incident or emergency",SAAS
SAAS-606,MOONTA STATION,Ambulance,AMBULANCE STATION,SA Ambulance Service,7 RYAN STREET,MOONTA,5558,YNLHN,OPERATIONAL,"An emergency management facility from which a particular agency’s resources are commanded, coordinated and assigned to an incident or emergency",SAAS
SAAS-691,MORGAN STATION,Ambulance,AMBULANCE STATION,SA Ambulance Service,FIRST STREET,MORGAN,5320,RMCLHN,OPERATIONAL,"An emergency management facility from which a particular agency’s resources are commanded, coordinated and assigned to an incident or emergency",SAAS
SAAS-620,MT BARKER STATION,Ambulance,AMBULANCE STATION,SA Ambulance Service,21 MANN STREET,MOUNT BARKER,5251,BFHLHN,OPERATIONAL,"An emergency management facility from which a particular agency’s resources are commanded, coordinated and assigned to an incident or emergency",SAAS
SAAS-665,MT GAMBIER STATION,Ambulance,AMBULANCE STATION,SA Ambulance Service,46 PENOLA ROAD,MOUNT GAMBIER,5290,LCLHN,OPERATIONAL,"An emergency management facility from which a particular agency’s resources are commanded, coordinated and assigned to an incident or emergency",SAAS
SAAS-666,MT PLEASANT STATION,Ambulance,AMBULANCE STATION,SA Ambulance Service,HOSPITAL ROAD,MOUNT PLEASANT,5235,BFHLHN,OPERATIONAL,"An emergency management facility from which a particular agency’s resources are commanded, coordinated and assigned to an incident or emergency",SAAS
SAAS-692,MURRAY BRIDGE STATION,Ambulance,AMBULANCE STATION,SA Ambulance Service,DARLING AVENUE,MURRAY BRIDGE,5253,RMCLHN,OPERATIONAL,"An emergency management facility from which a particular agency’s resources are commanded, coordinated and assigned to an incident or emergency",SAAS
SAAS-668,NANGWARRY STATION,Ambulance,AMBULANCE STATION,SA Ambulance Service,LOT 304 BEDNALL DRIVE,NANGWARRY,5277,LCLHN,OPERATIONAL,"An emergency management facility from which a particular agency’s resources are commanded, coordinated and assigned to an incident or emergency",SAAS
SAAS-669,NARACOORTE STATION,Ambulance,AMBULANCE STATION,SA Ambulance Service,BUTLER TERRACE,NARACOORTE,5271,LCLHN,OPERATIONAL,"An emergency management facility from which a particular agency’s resources are commanded, coordinated and assigned to an incident or emergency",SAAS
SAAS-618,NOARLUNGA STATION,Ambulance,AMBULANCE STATION,SA Ambulance Service,LOT 500 FLAXMILL ROAD,MORPHETT VALE,5162,SALHN,OPERATIONAL,"An emergency management facility from which a particular agency’s resources are commanded, coordinated and assigned to an incident or emergency",SAAS
SAAS-638,O'HALLORAN HILL STATION,Ambulance,AMBULANCE STATION,SA Ambulance Service,4 MAJORS ROAD,O'HALLORAN HILL,5158,SALHN,OPERATIONAL,"An emergency management facility from which a particular agency’s resources are commanded, coordinated and assigned to an incident or emergency",SAAS
SAAS-639,ORROROO STATION,Ambulance,AMBULANCE STATION,SA Ambulance Service,12172 R M WILLIAMS WAY,ORROROO,5431,YNLHN,OPERATIONAL,"An emergency management facility from which a particular agency’s resources are commanded, coordinated and assigned to an incident or emergency",SAAS
SAAS-640,PADTHAWAY STATION,Ambulance,AMBULANCE STATION,SA Ambulance Service,2 MEMORIAL DRIVE,PADTHAWAY,5271,LCLHN,OPERATIONAL,"An emergency management facility from which a particular agency’s resources are commanded, coordinated and assigned to an incident or emergency",SAAS
SAAS-641,PARKSIDE STATION,Ambulance,AMBULANCE STATION,SA Ambulance Service,6 GLEN OSMOND ROAD,PARKSIDE,5063,CALHN,OPERATIONAL,"An emergency management facility from which a particular agency’s resources are commanded, coordinated and assigned to an incident or emergency",SAAS
SAAS-643,PENNESHAW STATION,Ambulance,AMBULANCE STATION,SA Ambulance Service,LOT 98 THE LANE,PENNESHAW,5222,BFHLHN,OPERATIONAL,"An emergency management facility from which a particular agency’s resources are commanded, coordinated and assigned to an incident or emergency",SAAS
SAAS-644,PENOLA STATION,Ambulance,AMBULANCE STATION,SA Ambulance Service,16E CHURCH STREET,PENOLA,5277,LCLHN,OPERATIONAL,"An emergency management facility from which a particular agency’s resources are commanded, coordinated and assigned to an incident or emergency",SAAS
SAAS-646,PETERBOROUGH STATION,Ambulance,AMBULANCE STATION,SA Ambulance Service,19-21 QUEEN STREET,PETERBOROUGH,5422,YNLHN,OPERATIONAL,"An emergency management facility from which a particular agency’s resources are commanded, coordinated and assigned to an incident or emergency",SAAS
SAAS-647,PINNAROO STATION,Ambulance,AMBULANCE STATION,SA Ambulance Service,LOT 104 HOMBURG TERRACE,PINNAROO,5304,RMCLHN,OPERATIONAL,"An emergency management facility from which a particular agency’s resources are commanded, coordinated and assigned to an incident or emergency",SAAS
SAAS-608,PLAYFORD STATION,Ambulance,AMBULANCE STATION,SA Ambulance Service,LOT 1 TOLMER ROAD,ELIZABETH PARK,5113,NALHN,OPERATIONAL,"An emergency management facility from which a particular agency’s resources are commanded, coordinated and assigned to an incident or emergency",SAAS
SAAS-648,PT ADELAIDE STATION,Ambulance,AMBULANCE STATION,SA Ambulance Service,3-5 SANTO PDE,PORT ADELAIDE,5015,CALHN,OPERATIONAL,"An emergency management facility from which a particular agency’s resources are commanded, coordinated and assigned to an incident or emergency",SAAS
SAAS-650,PT AUGUSTA STATION,Ambulance,AMBULANCE STATION,SA Ambulance Service,6 GILES STREET,PORT AUGUSTA,5700,FUNLHN,OPERATIONAL,"An emergency management facility from which a particular agency’s resources are commanded, coordinated and assigned to an incident or emergency",SAAS
SAAS-651,PT BROUGHTON STATION,Ambulance,AMBULANCE STATION,SA Ambulance Service,BAY STREET,PORT BROUGHTON,5522,YNLHN,OPERATIONAL,"An emergency management facility from which a particular agency’s resources are commanded, coordinated and assigned to an incident or emergency",SAAS
SAAS-654,PT LINCOLN STATION,Ambulance,AMBULANCE STATION,SA Ambulance Service,4 MARINE AVENUE,PORT LINCOLN,5606,EFNLHN,OPERATIONAL,"An emergency management facility from which a particular agency’s resources are commanded, coordinated and assigned to an incident or emergency",SAAS
SAAS-655,PT NEILL STATION,Ambulance,AMBULANCE STATION,SA Ambulance Service,BICE STREET,PORT NEILL,5604,EFNLHN,OPERATIONAL,"An emergency management facility from which a particular agency’s resources are commanded, coordinated and assigned to an incident or emergency",SAAS
SAAS-657,PT PIRIE STATION,Ambulance,AMBULANCE STATION,SA Ambulance Service,97 GREY TERRACE,PORT PIRIE SOUTH,5540,YNLHN,OPERATIONAL,"An emergency management facility from which a particular agency’s resources are commanded, coordinated and assigned to an incident or emergency",SAAS
SAAS-658,PT WAKEFIELD STATION,Ambulance,AMBULANCE STATION,SA Ambulance Service,2 BURRA STREET,PORT WAKEFIELD,5550,YNLHN,OPERATIONAL,"An emergency management facility from which a particular agency’s resources are commanded, coordinated and assigned to an incident or emergency",SAAS
SAAS-659,PROSPECT STATION,Ambulance,AMBULANCE STATION,SA Ambulance Service,478-480 REGENCY ROAD,PROSPECT,5082,CALHN,OPERATIONAL,"An emergency management facility from which a particular agency’s resources are commanded, coordinated and assigned to an incident or emergency",SAAS
SAAS-662,QUORN STATION,Ambulance,AMBULANCE STATION,SA Ambulance Service,LOT 501 WEST TERRACE,QUORN,5433,FUNLHN,OPERATIONAL,"An emergency management facility from which a particular agency’s resources are commanded, coordinated and assigned to an incident or emergency",SAAS
SAAS-663,REDWOOD PARK STATION,Ambulance,AMBULANCE STATION,SA Ambulance Service,LOT 540 GAYLARD CRES,REDWOOD PARK,5097,NALHN,OPERATIONAL,"An emergency management facility from which a particular agency’s resources are commanded, coordinated and assigned to an incident or emergency",SAAS
SAAS-664,RENMARK STATION,Ambulance,AMBULANCE STATION,SA Ambulance Service,LOT 567 EIGHTEENTH STREET,RENMARK,5341,RMCLHN,OPERATIONAL,"An emergency management facility from which a particular agency’s resources are commanded, coordinated and assigned to an incident or emergency",SAAS
SAAS-673,RIVERTON STATION,Ambulance,AMBULANCE STATION,SA Ambulance Service,16 TORRENS ROAD,RIVERTON,5412,RMCLHN,OPERATIONAL,"An emergency management facility from which a particular agency’s resources are commanded, coordinated and assigned to an incident or emergency",SAAS
SAAS-675,ROBE STATION,Ambulance,AMBULANCE STATION,SA Ambulance Service,LOT 1 O'HALLORAN STREET,ROBE,5276,LCLHN,OPERATIONAL,"An emergency management facility from which a particular agency’s resources are commanded, coordinated and assigned to an incident or emergency",SAAS
SAAS-676,ROXBY DOWNS STATION,Ambulance,AMBULANCE STATION,SA Ambulance Service,16-28 BURGOYNE STREET,ROXBY DOWNS,5725,FUNLHN,OPERATIONAL,"An emergency management facility from which a particular agency’s resources are commanded, coordinated and assigned to an incident or emergency",SAAS
SAAS-678,SALISBURY STATION (CLINICAL EDUCATION),Ambulance,AMBULANCE STATION,SA Ambulance Service,1-3 BREMEN DRIVE,SALISBURY SOUTH,5106,NALHN,OPERATIONAL,"An emergency management facility from which a particular agency’s resources are commanded, coordinated and assigned to an incident or emergency",SAAS
SAAS-680,SNOWTOWN STATION,Ambulance,AMBULANCE STATION,SA Ambulance Service,3-5 ADELAIDE ROAD,SNOWTOWN,5520,YNLHN,OPERATIONAL,"An emergency management facility from which a particular agency’s resources are commanded, coordinated and assigned to an incident or emergency",SAAS
SAAS-541,SPECIAL OPERATIONS STATION,Ambulance,AMBULANCE STATION,SA Ambulance Service,LOT 42 SIR DONALD BRADMAN DRIVE,ADELAIDE AIRPORT,5950,CALHN,OPERATIONAL,"An emergency management facility from which a particular agency’s resources are commanded, coordinated and assigned to an incident or emergency",SAAS
SAAS-526,STATE HEADQUARTERS,Ambulance,AMBULANCE STATION,SA Ambulance Service,216 GREENHILL ROAD,EASTWOOD,5063,CALHN,OPERATIONAL,"An emergency management facility from which a particular agency’s resources are commanded, coordinated and assigned to an incident or emergency",SAAS
SAAS-542,STIRLING STATION,Ambulance,AMBULANCE STATION,SA Ambulance Service,298 MOUNT BARKER ROAD,ALDGATE,5154,BFHLHN,OPERATIONAL,"An emergency management facility from which a particular agency’s resources are commanded, coordinated and assigned to an incident or emergency",SAAS
SAAS-682,STRATHALBYN STATION,Ambulance,AMBULANCE STATION,SA Ambulance Service,3 RANKINE STREET,STRATHALBYN,5255,BFHLHN,OPERATIONAL,"An emergency management facility from which a particular agency’s resources are commanded, coordinated and assigned to an incident or emergency",SAAS
SAAS-683,STREAKY BAY STATION,Ambulance,AMBULANCE STATION,SA Ambulance Service,1 FLINDERS DRIVE,STREAKY BAY,5680,EFNLHN,OPERATIONAL,"An emergency management facility from which a particular agency’s resources are commanded, coordinated and assigned to an incident or emergency",SAAS
SAAS-684,SWAN REACH STATION,Ambulance,AMBULANCE STATION,SA Ambulance Service,NILDOTTIE ROAD,SWAN REACH,5354,RMCLHN,OPERATIONAL,"An emergency management facility from which a particular agency’s resources are commanded, coordinated and assigned to an incident or emergency",SAAS
SAAS-630,TAILEM BEND STATION,Ambulance,AMBULANCE STATION,SA Ambulance Service,LOT 502 GRANITES ROAD,TAILEM BEND,5260,RMCLHN,OPERATIONAL,"An emergency management facility from which a particular agency’s resources are commanded, coordinated and assigned to an incident or emergency",SAAS
SAAS-631,TINTINARA STATION,Ambulance,AMBULANCE STATION,SA Ambulance Service,28-30 WENDT TERRACE,TINTINARA,5266,RMCLHN,OPERATIONAL,"An emergency management facility from which a particular agency’s resources are commanded, coordinated and assigned to an incident or emergency",SAAS
SAAS-635,TUMBY BAY STATION,Ambulance,AMBULANCE STATION,SA Ambulance Service,8 ESPLANADE,TUMBY BAY,5605,EFNLHN,OPERATIONAL,"An emergency management facility from which a particular agency’s resources are commanded, coordinated and assigned to an incident or emergency",SAAS
SAAS-721,VICTOR HARBOR STATION,Ambulance,AMBULANCE STATION,SA Ambulance Service,45-47 TORRENS STREET,VICTOR HARBOR,5211,BFHLHN,OPERATIONAL,"An emergency management facility from which a particular agency’s resources are commanded, coordinated and assigned to an incident or emergency",SAAS
SAAS-722,WAIKERIE STATION,Ambulance,AMBULANCE STATION,SA Ambulance Service,LOT 480 DOWLING STREET,WAIKERIE,5330,RMCLHN,OPERATIONAL,"An emergency management facility from which a particular agency’s resources are commanded, coordinated and assigned to an incident or emergency",SAAS
SAAS-724,WALLAROO STATION,Ambulance,AMBULANCE STATION,SA Ambulance Service,LOT 20 ERNEST TERRACE,WALLAROO,5556,YNLHN,OPERATIONAL,"An emergency management facility from which a particular agency’s resources are commanded, coordinated and assigned to an incident or emergency",SAAS
SAAS-733,WAROOKA STATION,Ambulance,AMBULANCE STATION,SA Ambulance Service,36 MAIN STREET,WAROOKA,5577,YNLHN,OPERATIONAL,"An emergency management facility from which a particular agency’s resources are commanded, coordinated and assigned to an incident or emergency",SAAS
SAAS-642,WESTERN DISTRICTS STATION,Ambulance,AMBULANCE STATION,SA Ambulance Service,LOT 54 COOK STREET,PARNDANA,5220,BFHLHN,OPERATIONAL,"An emergency management facility from which a particular agency’s resources are commanded, coordinated and assigned to an incident or emergency",SAAS
SAAS-735,WHYALLA STATION,Ambulance,AMBULANCE STATION,SA Ambulance Service,LOT 104 ST JOHN CRES,WHYALLA PLAYFORD,5600,FUNLHN,OPERATIONAL,"An emergency management facility from which a particular agency’s resources are commanded, coordinated and assigned to an incident or emergency",SAAS
SAAS-736,WOODSIDE STATION,Ambulance,AMBULANCE STATION,SA Ambulance Service,24 ONKAPARINGA VALL ROAD,WOODSIDE,5244,BFHLHN,OPERATIONAL,"An emergency management facility from which a particular agency’s resources are commanded, coordinated and assigned to an incident or emergency",SAAS
SAAS-738,WUDINNA STATION,Ambulance,AMBULANCE STATION,SA Ambulance Service,LOT 29 RICHARDS AVENUE,WUDINNA,5652,EFNLHN,OPERATIONAL,"An emergency management facility from which a particular agency’s resources are commanded, coordinated and assigned to an incident or emergency",SAAS
SAAS-740,YANKALILLA STATION,Ambulance,AMBULANCE STATION,SA Ambulance Service,81 MAIN STREET,YANKALILLA,5203,BFHLHN,OPERATIONAL,"An emergency management facility from which a particular agency’s resources are commanded, coordinated and assigned to an incident or emergency",SAAS
SAAS-687,YORKETOWN STATION,Ambulance,AMBULANCE STATION,SA Ambulance Service,7 WEANERS STREET,YORKETOWN,5576,YNLHN,OPERATIONAL,"An emergency management facility from which a particular agency’s resources are commanded, coordinated and assigned to an incident or emergency",SAAS
SAAS-688,YUNTA STATION,Ambulance,AMBULANCE STATION,SA Ambulance Service,LOT 3 RAILWAY TERRACE,YUNTA,5440,YNLHN,OPERATIONAL,"An emergency management facility from which a particular agency’s resources are commanded, coordinated and assigned to an incident or emergency",SAAS
DENT-001,Adelaide Dental Hospital,Dental,Specialist dental hospital,SA Dental,Corner of North Terrace and George Street,Adelaide,5000,CALHN,Operating,1300 008 222 | Referral only,SA Dental
DENT-002,Angle Park (Parks),Dental,Community dental clinic,SA Dental,"Parks Community Dental Clinic, 2/40-44 Trafford Street",Angle Park,5010,CALHN,Operating,(08) 8243 5629,SA Dental
DENT-003,Elizabeth GP Plus,Dental,GP Plus dental clinic,SA Dental,16 Playford Boulevard,Elizabeth,5112,NALHN,Operating,(08) 7485 4269,SA Dental
DENT-004,Evanston,Dental,Kids dental clinic,SA Dental,20 Para Road,Evanston,5116,BHFLHN,Operating,(08) 7485 4269,SA Dental
DENT-005,Fulham Gardens,Dental,Kids dental clinic,SA Dental,Mitton Avenue,Henley Beach,5022,CALHN,Operating,(08) 7117 4000,SA Dental
DENT-006,Gawler,Dental,Community dental clinic,SA Dental,"Gawler Health Service, 21 Hutchinson Road",Gawler East,5118,BHFLHN,Operating,(08) 7485 4269,SA Dental
DENT-007,Gilles Plains,Dental,Adult dental clinic,SA Dental,"TAFE SA, 33 Blacks Road",Gilles Plains,5086,NALHN,Operating,(08) 8207 1222,SA Dental
DENT-008,Hendon,Dental,Kids dental clinic,SA Dental,162 Cedar Avenue,Royal Park,5014,CALHN,Operating,(08) 7117 4000,SA Dental
DENT-009,Linden Park,Dental,Kids dental clinic,SA Dental,5 Highfield Avenue,St Georges,5064,CALHN,Operating,(08) 7425 8850,SA Dental
DENT-010,Magill,Dental,Kids dental clinic,SA Dental,Magill Primary School,Magill,5072,CALHN,Operating,(08) 7425 8850,SA Dental
DENT-011,Marion GP Plus,Dental,GP Plus dental clinic,SA Dental,"Level 1, 10 Milham Street",Oaklands Park,5046,SALHN,Operating,(08) 7425 8400,SA Dental
DENT-012,Marleston,Dental,Community dental clinic,SA Dental,229B Marion Road,Marleston,5033,CALHN,Operating,(08) 7117 4000,SA Dental
DENT-013,Millicent,Dental,Community dental clinic,SA Dental,17 Ninth Street,Millicent,5280,LCLHN,Operating,(08) 8733 3957,SA Dental
DENT-014,Mitcham,Dental,Kids dental clinic,SA Dental,"Mitcham Primary School, Elphyn Road",Kingswood,5062,SALHN,Operating,(08) 7425 8400,SA Dental
DENT-015,Modbury GP Plus,Dental,GP Plus dental clinic,SA Dental,77 Smart Road,Modbury,5092,NALHN,Operating,(08) 7425 8700,SA Dental
DENT-016,Mount Barker - Kids,Dental,Kids dental clinic,SA Dental,"Mount Barker Primary School, 2A Dumas Street",Mount Barker,5251,BHFLHN,Operating,(08) 7117 4490,SA Dental
DENT-017,Mount Barker - Adults,Dental,Adult dental clinic,SA Dental,"Mount Barker District Soldiers' Memorial Hospital, 87 Wellington Road",Mount Barker,5251,BHFLHN,Operating,(08) 7117 4490,SA Dental
DENT-018,Mount Gambier,Dental,Community dental clinic,SA Dental,"Mount Gambier and Districts Health Service, 276-300 Wehl Street North",Mount Gambier,5290,LCLHN,Operating,(08) 8721 1633,SA Dental
DENT-019,Murray Bridge,Dental,Community dental clinic,SA Dental,45 Beatty Terrace,Murray Bridge,5253,RMCLHN,Operating,(08) 7117 4490,SA Dental
DENT-020,Naracoorte,Dental,Community dental clinic,SA Dental,"Naracoorte Primary School, 41 Park Terrace",Naracoorte,5271,LCLHN,Operating,(08) 8762 2614,SA Dental
DENT-021,Noarlunga GP Plus,Dental,GP Plus dental clinic,SA Dental,2 Alexander Kelly Drive,Noarlunga Centre,5168,SALHN,Operating,(08) 8384 9244,SA Dental
DENT-022,Pennington,Dental,Kids dental clinic,SA Dental,"Pennington Primary School, Butler Avenue",Pennington,5013,CALHN,Operating,(08) 8243 5629,SA Dental
DENT-023,Port Adelaide,Dental,Adult dental clinic,SA Dental,"Wonggangga Turtpandi Aboriginal Primary Health Care Services, 11 Church Street",Port Adelaide,5015,CALHN,Operating,(08) 8243 5629,SA Dental
DENT-024,Port Augusta,Dental,Community dental clinic,SA Dental,"Flinders and Far North Community Health Service, 36 Flinders Terrace",Port Augusta,5700,FUNLHN,Operating,(08) 8668 7840,SA Dental
DENT-025,Port Lincoln,Dental,Community dental clinic,SA Dental,39 Oxford Terrace,Port Lincoln,5606,EFNLHN,Operating,(08) 7669 1700,SA Dental
DENT-026,Port Pirie,Dental,Adult dental clinic,SA Dental,"Port Pirie Regional Health Service, The Terrace",Port Pirie,5540,YNLHN,Operating,(08) 8638 4426,SA Dental
DENT-027,Port Pirie West,Dental,Kids dental clinic,SA Dental,"Port Pirie West Primary School, 214 The Terrace",Port Pirie West,5540,YNLHN,Operating,(08) 8632 1926,SA Dental
DENT-028,Prospect,Dental,Kids dental clinic,SA Dental,"Prospect Primary School, Burrage Place",Prospect,5082,CALHN,Operating,(08) 7117 4000,SA Dental
DENT-029,Riverland (Berri),Dental,Community dental clinic,SA Dental,10 Maddern Avenue,Berri,5343,RMCLHN,Operating,(08) 8580 2700,SA Dental
DENT-030,Salisbury,Dental,Community dental clinic,SA Dental,21 Hollywood Boulevard,Salisbury Downs,5108,NALHN,Operating,(08) 7485 4700,SA Dental
DENT-031,Victor Harbor,Dental,Community dental clinic,SA Dental,"South Coast District Hospital, Bay Road",Victor Harbor,5211,BHFLHN,Operating,(08) 8551 0460,SA Dental
DENT-032,Wallaroo,Dental,Community dental clinic,SA Dental,"Wallaroo Hospital and Health Services, 1 Ernest Terrace",Wallaroo,5556,YNLHN,Operating,(08) 7117 4492,SA Dental
DENT-033,Whyalla,Dental,Oral health centre,SA Dental,"Whyalla Oral Health Centre, 111 Nicolson Avenue",Whyalla Norrie,5608,FUNLHN,Operating,(08) 7117 4493,SA Dental
SAAS-689,RRAS Base,Ambulance,AMBULANCE STATION,SA Ambulance Service,"ADELAIDE AIRPORT, 2 SIR REGINALD ANSETT DRIVE",ADELAIDE AIRPORT,5950,CALHN,OPERATIONAL,"An emergency management facility from which a particular agency’s resources are commanded, coordinated and assigned to an incident or emergency",SAAS
SAAS-690,SALT CREEK,Ambulance,AMBULANCE STATION,SA Ambulance Service,11097 PRINCES HIGHWAY,SALT CREEK,5264,RMCLHN,OPERATIONAL,"An emergency management facility from which a particular agency’s resources are commanded, coordinated and assigned to an incident or emergency",SAAS
SAAS-691,SEAFORD STATION,Ambulance,AMBULANCE STATION,SA Ambulance Service,80 SEAFORD ROAD,SEAFORD,5169,SALHN,OPERATIONAL,"An emergency management facility from which a particular agency’s resources are commanded, coordinated and assigned to an incident or emergency",SAAS
SAAS-692,GEPPS CROSS STATION,Ambulance,AMBULANCE STATION,SA Ambulance Service,7 SCANIA COURT,GEPPS CROSS,5094,NALHN,OPERATIONAL,"An emergency management facility from which a particular agency’s resources are commanded, coordinated and assigned to an incident or emergency",SAAS
SAAS-693,EDWARDSTOWN - STATION,Ambulance,AMBULANCE STATION,SA Ambulance Service,220 DAWS ROAD,EDWARDSTOWN,5041,SALHN,OPERATIONAL,"An emergency management facility from which a particular agency’s resources are commanded, coordinated and assigned to an incident or emergency",SAAS
SAAS-694,PORT MACDONNELL - STATION,Ambulance,AMBULANCE STATION,SA Ambulance Service,MEYLIN STREET,PORT MACDONNELL,5291,LCLHN,OPERATIONAL,"An emergency management facility from which a particular agency’s resources are commanded, coordinated and assigned to an incident or emergency",SAAS
SAAS-695,PORT KENNY - STATION,Ambulance,AMBULANCE STATION,SA Ambulance Service,LITTLE STREET,PORT KENNY,5671,EFNLHN,OPERATIONAL,"An emergency management facility from which a particular agency’s resources are commanded, coordinated and assigned to an incident or emergency",SAAS
SAAS-696,PARAFIELD STATION,Ambulance,AMBULANCE STATION,SA Ambulance Service,1A LOCKHEED LANE,PARAFIELD,5160,NALHN,OPERATIONAL,"An emergency management facility from which a particular agency’s resources are commanded, coordinated and assigned to an incident or emergency",SAAS
SAAS-697,OAKDEN STATION,Ambulance,AMBULANCE STATION,SA Ambulance Service,285 FOSTERS ROAD,OAKDEN,5086,NALHN,OPERATIONAL,"An emergency management facility from which a particular agency’s resources are commanded, coordinated and assigned to an incident or emergency",SAAS
SAAS-698,GLENGOWRIE STATION,Ambulance,AMBULANCE STATION,SA Ambulance Service,88A MORPHETT ROAD,GLENGOWRIE,5044,SALHN,OPERATIONAL,"An emergency management facility from which a particular agency’s resources are commanded, coordinated and assigned to an incident or emergency",SAAS
SAAS-699,BIRDWOOD STATION,Ambulance,AMBULANCE STATION,SA Ambulance Service,CORNER TORRENS VALLEY ROAD & BLUMEL ROAD,BIRDWOOD,5234,BHFLHN,OPERATIONAL,"An emergency management facility from which a particular agency’s resources are commanded, coordinated and assigned to an incident or emergency",SAAS
SAAS-700,BEACHPORT STATION,Ambulance,AMBULANCE STATION,SA Ambulance Service,GOLFCOURSE ROAD,BEACHPORT,5280,LCLHN,OPERATIONAL,"An emergency management facility from which a particular agency’s resources are commanded, coordinated and assigned to an incident or emergency",SAAS
SAAS-701,UPPER MURRAY MALLEE VOLUNTEER REGIONA RESPONSE TEAM,Ambulance,AMBULANCE STATION,SA Ambulance Service,25 CORNWALL STREET,BERRI,5343,RMCLHN,OPERATIONAL,"An emergency management facility from which a particular agency’s resources are commanded, coordinated and assigned to an incident or emergency",SAAS
DASSA-001,DASSA Central Services,Dassa,Drug and Alcohol Service,Drug and Alcohol Service South Australia,91 Magill Road,Stepney,5069,CALHN,Operating,(08) 7425 5000,DASSA
DASSA-002,DASSA Northern Services,Dassa,Drug and Alcohol Service,Drug and Alcohol Service South Australia,22 Langford Drive,Elizabeth,5112,NALHN,Operating,(08) 7485 4600,DASSA
DASSA-003,DASSA Southern Services,Dassa,Drug and Alcohol Service,Drug and Alcohol Service South Australia,1/209 Main South Rd,Morphett Vale,5162,SALHN,Operating,(08) 8325 8111,DASSA
